model,MSE,RMSE,MAE,MAPE
RNN,1.1253961040179514e+16,106084688.0571344,77855065.27,4.4329233786561995
1D-CNN,6321368236114561.0,79507032.62048309,56582376.33,3.1276105511765557
Transformer,6.81576654907096e+16,261070230.954641,212620532.59,14.52934254087124
